{"name":"Clifford-Dejong Wallpaper Creator","short_name":"Clifford-Dejong","description":"A wallpaper creator for Dejong & Clifford attractors","start_url":"/","scope":"/","display":"standalone","background_color":"#000000","theme_color":"#000000","orientation":"any","categories":["graphics","utilities","personalization"],"lang":"en","icons":[{"src":"/favicon.svg","sizes":"any","type":"image/svg+xml","purpose":"any maskable"},{"src":"/favicon.ico","sizes":"16x16 32x32 48x48","type":"image/x-icon"}],"screenshots":[{"src":"/favicon.svg","sizes":"1280x720","type":"image/svg+xml","form_factor":"wide"}],"shortcuts":[{"name":"Create Wallpaper","short_name":"Create","description":"Start creating a new wallpaper","url":"/","icons":[{"src":"/favicon.svg","sizes":"96x96","type":"image/svg+xml"}]}]}